{"cameraMode":{"drawMode":0,"name":"Shaded","section":"Shading Mode"},"sceneLighting":false,"audioPlay":false,"sceneViewState":{"showFog":true,"showMaterialUpdate":false,"showSkybox":false,"showFlares":true,"showImageEffects":true,"showParticleSystems":true},"in2DMode":false,"pivot":{"x":4.21875,"y":1.456066608428955,"z":-5.066394805908203e-7},"rotation":{"x":0.18949463963508607,"y":-0.5815651416778565,"z":0.14158529043197633,"w":0.7783529162406921},"size":14.071562767028809,"orthographic":false}