{"cameraMode":{"drawMode":0,"name":"Shaded","section":"Shading Mode"},"sceneLighting":true,"audioPlay":false,"sceneViewState":{"showFog":true,"showMaterialUpdate":false,"showSkybox":false,"showFlares":true,"showImageEffects":true,"showParticleSystems":true},"in2DMode":false,"pivot":{"x":-0.33434566855430605,"y":-0.8716230988502502,"z":1.3310115337371827},"rotation":{"x":0.2580292224884033,"y":-0.1809854954481125,"z":0.04927339404821396,"w":0.9477570652961731},"size":9.295722961425782,"orthographic":false}